id,map_path,contourLevel,tagged_path,subunits,matched_subunits,voxels,voxels_matched,voxels_discarted,voxels_reassigned,voxels_assigned
25965,/net/kihara/scratch/mzumbado/biostructure/em/src/dataset/models/25965.mrc,0.5,/net/kihara/scratch/mzumbado/biostructure/em/src/dataset/ground_truth/25965_gt.mrc,27,27,655992,601867,54125,144273,"{'1': 8237, '2': 10985, '3': 12266, '4': 9712, '5': 9245, '6': 9669, '7': 9479, '8': 9473, '9': 9265, '10': 9898, '11': 54057, '12': 50675, '13': 58468, '14': 56985, '15': 51957, '16': 49030, '17': 25652, '18': 15817, '19': 11018, '20': 25728, '21': 29164, '22': 19116, '23': 19041, '24': 13706, '25': 9004, '26': 7048, '27': 7172}"
25961,/net/kihara/scratch/mzumbado/biostructure/em/src/dataset/models/25961.mrc,0.67,/net/kihara/scratch/mzumbado/biostructure/em/src/dataset/ground_truth/25961_gt.mrc,27,27,403720,378912,24808,119974,"{'1': 4329, '2': 4229, '3': 3947, '4': 3818, '5': 4037, '6': 3850, '7': 4025, '8': 4524, '9': 4932, '10': 4960, '11': 38561, '12': 40496, '13': 38101, '14': 33739, '15': 37218, '16': 34458, '17': 20224, '18': 9584, '19': 4259, '20': 17830, '21': 13286, '22': 13829, '23': 15951, '24': 7408, '25': 3794, '26': 3205, '27': 4318}"
34102,/net/kihara/scratch/mzumbado/biostructure/em/src/dataset/models/34102.mrc,0.02,/net/kihara/scratch/mzumbado/biostructure/em/src/dataset/ground_truth/34102_gt.mrc,5,5,52863,52393,470,1804,"{'1': 9967, '2': 10684, '3': 16277, '4': 2507, '5': 12958}"
9915,/net/kihara/scratch/mzumbado/biostructure/em/src/dataset/models/9915.mrc,2.22,/net/kihara/scratch/mzumbado/biostructure/em/src/dataset/ground_truth/9915_gt.mrc,24,24,415705,272763,142942,40409,"{'1': 11419, '2': 11288, '3': 11300, '4': 11414, '5': 11188, '6': 11504, '7': 11329, '8': 11356, '9': 11440, '10': 11280, '11': 11419, '12': 11192, '13': 11482, '14': 11383, '15': 11499, '16': 11175, '17': 11363, '18': 11379, '19': 11351, '20': 11388, '21': 11344, '22': 11322, '23': 11479, '24': 11469}"
9537,/net/kihara/scratch/mzumbado/biostructure/em/src/dataset/models/9537.mrc,0.03,/net/kihara/scratch/mzumbado/biostructure/em/src/dataset/ground_truth/9537_gt.mrc,12,12,173100,169917,3183,17316,"{'1': 25689, '2': 4725, '3': 25803, '4': 4561, '5': 25742, '6': 4513, '7': 25351, '8': 4950, '9': 12092, '10': 12121, '11': 12072, '12': 12298}"
9317,/net/kihara/scratch/mzumbado/biostructure/em/src/dataset/models/9317.mrc,0.047,/net/kihara/scratch/mzumbado/biostructure/em/src/dataset/ground_truth/9317_gt.mrc,8,8,382035,379708,2327,53085,"{'1': 47601, '2': 47256, '3': 48836, '4': 46025, '5': 47934, '6': 47241, '7': 47731, '8': 47084}"
9316,/net/kihara/scratch/mzumbado/biostructure/em/src/dataset/models/9316.mrc,0.059,/net/kihara/scratch/mzumbado/biostructure/em/src/dataset/ground_truth/9316_gt.mrc,10,10,328750,327449,1301,14185,"{'1': 37278, '2': 38797, '3': 38981, '4': 38900, '5': 37898, '6': 39486, '7': 37739, '8': 39177, '9': 8485, '10': 10708}"
9063,/net/kihara/scratch/mzumbado/biostructure/em/src/dataset/models/9063.mrc,0.0796,/net/kihara/scratch/mzumbado/biostructure/em/src/dataset/ground_truth/9063_gt.mrc,7,7,178178,177447,731,29384,"{'1': 30675, '2': 32410, '3': 32435, '4': 31707, '5': 26290, '6': 22992, '7': 938}"
8886,/net/kihara/scratch/mzumbado/biostructure/em/src/dataset/models/8886.mrc,0.95,/net/kihara/scratch/mzumbado/biostructure/em/src/dataset/ground_truth/8886_gt.mrc,12,12,407644,356341,51303,36406,"{'1': 48240, '2': 40187, '3': 44211, '4': 51266, '5': 51081, '6': 49921, '7': 9888, '8': 13781, '9': 9369, '10': 9151, '11': 14022, '12': 15224}"
8723,/net/kihara/scratch/mzumbado/biostructure/em/src/dataset/models/8723.mrc,0.075,/net/kihara/scratch/mzumbado/biostructure/em/src/dataset/ground_truth/8723_gt.mrc,8,8,212215,164904,47311,11250,"{'1': 27588, '2': 27362, '3': 28123, '4': 27950, '5': 12251, '6': 14559, '7': 12499, '8': 14572}"
8722,/net/kihara/scratch/mzumbado/biostructure/em/src/dataset/models/8722.mrc,0.075,/net/kihara/scratch/mzumbado/biostructure/em/src/dataset/ground_truth/8722_gt.mrc,8,8,196338,167681,28657,13278,"{'1': 29030, '2': 29673, '3': 12070, '4': 12825, '5': 29108, '6': 29544, '7': 12088, '8': 13343}"
8721,/net/kihara/scratch/mzumbado/biostructure/em/src/dataset/models/8721.mrc,0.09,/net/kihara/scratch/mzumbado/biostructure/em/src/dataset/ground_truth/8721_gt.mrc,8,8,147597,133496,14101,26421,"{'1': 23693, '2': 23768, '3': 24059, '4': 9173, '5': 9940, '6': 9150, '7': 9817, '8': 23896}"
8688,/net/kihara/scratch/mzumbado/biostructure/em/src/dataset/models/8688.mrc,0.015,/net/kihara/scratch/mzumbado/biostructure/em/src/dataset/ground_truth/8688_gt.mrc,6,6,321790,307376,14414,5818,"{'1': 67580, '2': 69920, '3': 72319, '4': 72659, '5': 12305, '6': 12593}"
8686,/net/kihara/scratch/mzumbado/biostructure/em/src/dataset/models/8686.mrc,0.022,/net/kihara/scratch/mzumbado/biostructure/em/src/dataset/ground_truth/8686_gt.mrc,5,5,240071,235638,4433,3051,"{'1': 53556, '2': 60384, '3': 54430, '4': 58204, '5': 9064}"
8475,/net/kihara/scratch/mzumbado/biostructure/em/src/dataset/models/8475.mrc,1.3,/net/kihara/scratch/mzumbado/biostructure/em/src/dataset/ground_truth/8475_gt.mrc,4,4,155566,155566,0,573,"{'1': 38228, '2': 39309, '3': 39048, '4': 38981}"
8438,/net/kihara/scratch/mzumbado/biostructure/em/src/dataset/models/8438.mrc,0.045,/net/kihara/scratch/mzumbado/biostructure/em/src/dataset/ground_truth/8438_gt.mrc,2,2,82743,81871,872,16292,"{'1': 41196, '2': 40675}"
8437,/net/kihara/scratch/mzumbado/biostructure/em/src/dataset/models/8437.mrc,0.045,/net/kihara/scratch/mzumbado/biostructure/em/src/dataset/ground_truth/8437_gt.mrc,2,2,80764,80155,609,8422,"{'1': 40225, '2': 39930}"
8436,/net/kihara/scratch/mzumbado/biostructure/em/src/dataset/models/8436.mrc,0.04,/net/kihara/scratch/mzumbado/biostructure/em/src/dataset/ground_truth/8436_gt.mrc,2,2,84782,84019,763,11096,"{'1': 42121, '2': 41898}"
8246,/net/kihara/scratch/mzumbado/biostructure/em/src/dataset/models/8246.mrc,0.04,/net/kihara/scratch/mzumbado/biostructure/em/src/dataset/ground_truth/8246_gt.mrc,14,14,129054,128518,536,15095,"{'1': 6433, '2': 5228, '3': 7004, '4': 6053, '5': 6502, '6': 5250, '7': 6950, '8': 6034, '9': 35104, '10': 35552, '11': 885, '12': 3307, '13': 3337, '14': 879}"
8231,/net/kihara/scratch/mzumbado/biostructure/em/src/dataset/models/8231.mrc,0.019,/net/kihara/scratch/mzumbado/biostructure/em/src/dataset/ground_truth/8231_gt.mrc,4,4,257068,254615,2453,3319,"{'1': 65022, '2': 60491, '3': 67637, '4': 61465}"
8230,/net/kihara/scratch/mzumbado/biostructure/em/src/dataset/models/8230.mrc,0.019,/net/kihara/scratch/mzumbado/biostructure/em/src/dataset/ground_truth/8230_gt.mrc,4,4,240751,238240,2511,18480,"{'1': 65002, '2': 58641, '3': 57466, '4': 57131}"
8229,/net/kihara/scratch/mzumbado/biostructure/em/src/dataset/models/8229.mrc,0.019,/net/kihara/scratch/mzumbado/biostructure/em/src/dataset/ground_truth/8229_gt.mrc,4,4,243259,235928,7331,2709,"{'1': 53783, '2': 60029, '3': 58294, '4': 63822}"
8187,/net/kihara/scratch/mzumbado/biostructure/em/src/dataset/models/8187.mrc,0.1,/net/kihara/scratch/mzumbado/biostructure/em/src/dataset/ground_truth/8187_gt.mrc,7,7,362798,362303,495,26893,"{'1': 47833, '2': 51283, '3': 50763, '4': 50726, '5': 51622, '6': 52722, '7': 57354}"
8132,/net/kihara/scratch/mzumbado/biostructure/em/src/dataset/models/8132.mrc,0.03,/net/kihara/scratch/mzumbado/biostructure/em/src/dataset/ground_truth/8132_gt.mrc,29,29,1520083,1400368,119715,292079,"{'1': 183472, '2': 156222, '3': 52737, '4': 29422, '5': 43430, '6': 21316, '7': 33059, '8': 34135, '9': 11604, '10': 10423, '11': 34518, '12': 16464, '13': 53876, '14': 9815, '15': 22799, '16': 37974, '17': 30306, '18': 34071, '19': 18566, '20': 37672, '21': 23088, '22': 109496, '23': 155087, '24': 51557, '25': 11141, '26': 49994, '27': 52576, '28': 32789, '29': 42759}"
7305,/net/kihara/scratch/mzumbado/biostructure/em/src/dataset/models/7305.mrc,0.02,/net/kihara/scratch/mzumbado/biostructure/em/src/dataset/ground_truth/7305_gt.mrc,8,8,283576,264360,19216,262628,"{'1': 33131, '2': 33611, '3': 33442, '4': 32103, '5': 32988, '6': 33337, '7': 33149, '8': 32599}"
7031,/net/kihara/scratch/mzumbado/biostructure/em/src/dataset/models/7031.mrc,0.05,/net/kihara/scratch/mzumbado/biostructure/em/src/dataset/ground_truth/7031_gt.mrc,4,4,53936,50854,3082,16272,"{'1': 25125, '2': 17397, '3': 3330, '4': 5002}"
6928,/net/kihara/scratch/mzumbado/biostructure/em/src/dataset/models/6928.mrc,0.02,/net/kihara/scratch/mzumbado/biostructure/em/src/dataset/ground_truth/6928_gt.mrc,6,6,89654,85833,3821,4504,"{'1': 16233, '2': 17056, '3': 17277, '4': 16569, '5': 17145, '6': 1553}"
6913,/net/kihara/scratch/mzumbado/biostructure/em/src/dataset/models/6913.mrc,0.01,/net/kihara/scratch/mzumbado/biostructure/em/src/dataset/ground_truth/6913_gt.mrc,8,8,728207,715990,12217,243190,"{'1': 218788, '2': 217590, '3': 45596, '4': 45738, '5': 82427, '6': 83987, '7': 10779, '8': 11085}"
6851,/net/kihara/scratch/mzumbado/biostructure/em/src/dataset/models/6851.mrc,0.025,/net/kihara/scratch/mzumbado/biostructure/em/src/dataset/ground_truth/6851_gt.mrc,8,8,334079,324930,9149,27485,"{'1': 20115, '2': 60978, '3': 20088, '4': 61191, '5': 20091, '6': 61226, '7': 20187, '8': 61054}"
6849,/net/kihara/scratch/mzumbado/biostructure/em/src/dataset/models/6849.mrc,0.032,/net/kihara/scratch/mzumbado/biostructure/em/src/dataset/ground_truth/6849_gt.mrc,8,8,603551,484302,119249,79962,"{'1': 26232, '2': 94767, '3': 26377, '4': 94736, '5': 26386, '6': 94767, '7': 26361, '8': 94676}"
6618,/net/kihara/scratch/mzumbado/biostructure/em/src/dataset/models/6618.mrc,0.02,/net/kihara/scratch/mzumbado/biostructure/em/src/dataset/ground_truth/6618_gt.mrc,4,4,191776,181314,10462,39486,"{'1': 44981, '2': 45110, '3': 45669, '4': 45554}"
6207,/net/kihara/scratch/mzumbado/biostructure/em/src/dataset/models/6207.mrc,5.0,/net/kihara/scratch/mzumbado/biostructure/em/src/dataset/ground_truth/6207_gt.mrc,13,13,363502,355048,8454,14639,"{'1': 37816, '2': 44275, '3': 51785, '4': 42363, '5': 45843, '6': 44709, '7': 19888, '8': 23363, '9': 8268, '10': 19779, '11': 2412, '12': 3505, '13': 11042}"
5691,/net/kihara/scratch/mzumbado/biostructure/em/src/dataset/models/5691.mrc,0.93,/net/kihara/scratch/mzumbado/biostructure/em/src/dataset/ground_truth/5691_gt.mrc,42,42,2731490,2479121,252369,455134,"{'1': 312, '2': 73, '3': 679, '4': 2524, '5': 10873, '6': 10874, '7': 15718, '8': 207, '9': 100704, '10': 1105597, '11': 482167, '12': 14318, '13': 29929, '14': 28304, '15': 45809, '16': 41458, '17': 30519, '18': 30027, '19': 18535, '20': 23633, '21': 21406, '22': 25980, '23': 23476, '24': 18305, '25': 38531, '26': 32166, '27': 62257, '28': 29685, '29': 19071, '30': 14340, '31': 41409, '32': 9883, '33': 14743, '34': 19584, '35': 13909, '36': 9858, '37': 13762, '38': 5703, '39': 13119, '40': 13379, '41': 39404, '42': 6891}"
5610,/net/kihara/scratch/mzumbado/biostructure/em/src/dataset/models/5610.mrc,1.5,/net/kihara/scratch/mzumbado/biostructure/em/src/dataset/ground_truth/5610_gt.mrc,12,11,1038615,992441,46174,196909,"{'1': 4082, '2': 3915, '3': 3526, '4': 2118, '5': 1, '6': 0, '7': 137711, '8': 157290, '9': 155877, '10': 160818, '11': 173706, '12': 193397}"
5396,/net/kihara/scratch/mzumbado/biostructure/em/src/dataset/models/5396.mrc,4.0,/net/kihara/scratch/mzumbado/biostructure/em/src/dataset/ground_truth/5396_gt.mrc,18,18,672028,472477,199551,67202,"{'1': 4518, '2': 22535, '3': 3418, '4': 37595, '5': 37155, '6': 37092, '7': 36957, '8': 34440, '9': 10900, '10': 33679, '11': 23356, '12': 2204, '13': 37869, '14': 1852, '15': 37573, '16': 37102, '17': 37040, '18': 37192}"
5395,/net/kihara/scratch/mzumbado/biostructure/em/src/dataset/models/5395.mrc,5.0,/net/kihara/scratch/mzumbado/biostructure/em/src/dataset/ground_truth/5395_gt.mrc,18,18,980287,768681,211606,93168,"{'1': 47351, '2': 53160, '3': 6601, '4': 58314, '5': 7806, '6': 54650, '7': 54020, '8': 53876, '9': 54496, '10': 46783, '11': 8702, '12': 55819, '13': 54916, '14': 54499, '15': 54325, '16': 50326, '17': 36841, '18': 16196}"
5392,/net/kihara/scratch/mzumbado/biostructure/em/src/dataset/models/5392.mrc,1.8,/net/kihara/scratch/mzumbado/biostructure/em/src/dataset/ground_truth/5392_gt.mrc,18,18,1081051,1023901,57150,97058,"{'1': 53563, '2': 56682, '3': 56463, '4': 56613, '5': 54077, '6': 58484, '7': 54059, '8': 59888, '9': 59667, '10': 52872, '11': 58813, '12': 58273, '13': 58650, '14': 55397, '15': 52141, '16': 57389, '17': 53859, '18': 67011}"
5391,/net/kihara/scratch/mzumbado/biostructure/em/src/dataset/models/5391.mrc,3.3,/net/kihara/scratch/mzumbado/biostructure/em/src/dataset/ground_truth/5391_gt.mrc,16,16,612891,612635,256,115728,"{'1': 38004, '2': 38484, '3': 37990, '4': 38723, '5': 38466, '6': 38356, '7': 38314, '8': 38226, '9': 37899, '10': 38670, '11': 38063, '12': 38722, '13': 38294, '14': 38230, '15': 38110, '16': 38084}"
5354,/net/kihara/scratch/mzumbado/biostructure/em/src/dataset/models/5354.mrc,0.043,/net/kihara/scratch/mzumbado/biostructure/em/src/dataset/ground_truth/5354_gt.mrc,23,23,770103,748957,21146,101751,"{'1': 5419, '2': 35987, '3': 50806, '4': 50012, '5': 50893, '6': 50387, '7': 50745, '8': 50541, '9': 50596, '10': 45993, '11': 14870, '12': 6, '14': 3313, '15': 25163, '16': 29025, '17': 35495, '18': 29175, '19': 34975, '20': 30640, '21': 33046, '22': 33162, '23': 28214, '24': 10494}"
5258,/net/kihara/scratch/mzumbado/biostructure/em/src/dataset/models/5258.mrc,0.02,/net/kihara/scratch/mzumbado/biostructure/em/src/dataset/ground_truth/5258_gt.mrc,16,16,1609815,1450467,159348,205070,"{'1': 102857, '2': 100528, '3': 99999, '4': 99570, '5': 90103, '6': 68743, '7': 95182, '8': 68153, '9': 57564, '10': 95119, '11': 67789, '12': 103133, '13': 100506, '14': 99923, '15': 99828, '16': 101470}"
5250,/net/kihara/scratch/mzumbado/biostructure/em/src/dataset/models/5250.mrc,1.58,/net/kihara/scratch/mzumbado/biostructure/em/src/dataset/ground_truth/5250_gt.mrc,16,16,492782,492164,618,23251,"{'1': 30414, '2': 30580, '3': 30651, '4': 30427, '5': 28673, '6': 32630, '7': 29871, '8': 32865, '9': 29804, '10': 29810, '11': 32114, '12': 31109, '13': 30602, '14': 30702, '15': 30462, '16': 31450}"
5248,/net/kihara/scratch/mzumbado/biostructure/em/src/dataset/models/5248.mrc,0.38,/net/kihara/scratch/mzumbado/biostructure/em/src/dataset/ground_truth/5248_gt.mrc,16,16,373580,371974,1606,32570,"{'1': 22968, '2': 23187, '3': 23238, '4': 23158, '5': 23223, '6': 23007, '7': 23507, '8': 23630, '9': 22705, '10': 23493, '11': 23346, '12': 23135, '13': 23291, '14': 23324, '15': 23232, '16': 23530}"
5247,/net/kihara/scratch/mzumbado/biostructure/em/src/dataset/models/5247.mrc,0.4,/net/kihara/scratch/mzumbado/biostructure/em/src/dataset/ground_truth/5247_gt.mrc,16,16,417192,375745,41447,73911,"{'1': 15223, '2': 25805, '3': 26005, '4': 25927, '5': 25919, '6': 25955, '7': 15913, '8': 26603, '9': 25737, '10': 16804, '11': 26095, '12': 16611, '13': 25501, '14': 25933, '15': 25842, '16': 25872}"
5246,/net/kihara/scratch/mzumbado/biostructure/em/src/dataset/models/5246.mrc,0.35,/net/kihara/scratch/mzumbado/biostructure/em/src/dataset/ground_truth/5246_gt.mrc,16,16,404673,404463,210,6732,"{'1': 24637, '2': 25239, '3': 25178, '4': 25154, '5': 25129, '6': 25368, '7': 25642, '8': 26214, '9': 24289, '10': 25290, '11': 25470, '12': 25346, '13': 25305, '14': 25152, '15': 25148, '16': 25902}"
5245,/net/kihara/scratch/mzumbado/biostructure/em/src/dataset/models/5245.mrc,0.28,/net/kihara/scratch/mzumbado/biostructure/em/src/dataset/ground_truth/5245_gt.mrc,16,16,360280,359498,782,1805,"{'1': 21871, '2': 22471, '3': 22386, '4': 22334, '5': 22310, '6': 22454, '7': 22563, '8': 23207, '9': 21719, '10': 22532, '11': 22621, '12': 22545, '13': 22556, '14': 22417, '15': 22395, '16': 23117}"
5235,/net/kihara/scratch/mzumbado/biostructure/em/src/dataset/models/5235.mrc,0.8,/net/kihara/scratch/mzumbado/biostructure/em/src/dataset/ground_truth/5235_gt.mrc,16,16,2432990,2414448,18542,448705,"{'1': 149392, '2': 150648, '3': 144239, '4': 155131, '5': 148899, '6': 154742, '7': 150402, '8': 153153, '9': 145331, '10': 152000, '11': 148751, '12': 150426, '13': 153732, '14': 151155, '15': 151374, '16': 155073}"
5140,/net/kihara/scratch/mzumbado/biostructure/em/src/dataset/models/5140.mrc,0.95,/net/kihara/scratch/mzumbado/biostructure/em/src/dataset/ground_truth/5140_gt.mrc,16,16,423399,390029,33370,53714,"{'1': 27822, '2': 26392, '3': 26315, '4': 26301, '5': 21910, '6': 20075, '7': 24050, '8': 22371, '9': 21979, '10': 17489, '11': 26388, '12': 26301, '13': 26690, '14': 26456, '15': 29413, '16': 20077}"
5002,/net/kihara/scratch/mzumbado/biostructure/em/src/dataset/models/5002.mrc,0.8,/net/kihara/scratch/mzumbado/biostructure/em/src/dataset/ground_truth/5002_gt.mrc,14,14,374317,277121,97196,270911,"{'1': 12692, '2': 23044, '3': 11910, '4': 22937, '5': 22993, '6': 24625, '7': 23762, '8': 23065, '9': 23005, '10': 24723, '11': 25209, '12': 10621, '13': 14217, '14': 14318}"
4741,/net/kihara/scratch/mzumbado/biostructure/em/src/dataset/models/4741.mrc,6.0,/net/kihara/scratch/mzumbado/biostructure/em/src/dataset/ground_truth/4741_gt.mrc,12,12,357501,356895,606,13415,"{'1': 26102, '2': 7596, '3': 71451, '4': 7709, '5': 52396, '6': 39151, '7': 30305, '8': 24418, '9': 32342, '10': 28187, '11': 26980, '12': 10258}"
4671,/net/kihara/scratch/mzumbado/biostructure/em/src/dataset/models/4671.mrc,0.015,/net/kihara/scratch/mzumbado/biostructure/em/src/dataset/ground_truth/4671_gt.mrc,54,54,2346415,1830582,515833,137487,"{'1': 34367, '2': 32389, '3': 37154, '4': 42880, '5': 29297, '6': 34964, '7': 31048, '8': 36430, '9': 28913, '10': 51227, '11': 4282, '12': 46645, '13': 52735, '14': 4579, '15': 46588, '16': 46600, '17': 4863, '18': 39215, '19': 52967, '20': 5626, '21': 37700, '22': 54225, '23': 4422, '24': 3372, '25': 48568, '26': 54545, '27': 36677, '28': 31014, '29': 40801, '30': 42229, '31': 29569, '32': 36392, '33': 34695, '34': 35154, '35': 39410, '36': 55274, '37': 4473, '38': 45160, '39': 59027, '40': 4925, '41': 47333, '42': 52072, '43': 4901, '44': 43757, '45': 51125, '46': 3868, '47': 38935, '48': 51818, '49': 4755, '50': 2287, '51': 49225, '52': 51523, '53': 24025, '54': 44557}"
4670,/net/kihara/scratch/mzumbado/biostructure/em/src/dataset/models/4670.mrc,0.025,/net/kihara/scratch/mzumbado/biostructure/em/src/dataset/ground_truth/4670_gt.mrc,54,54,1389666,1389473,193,18550,"{'1': 27674, '2': 24884, '3': 30425, '4': 26773, '5': 19921, '6': 22261, '7': 22460, '8': 27026, '9': 32998, '10': 35155, '11': 10076, '12': 33549, '13': 38352, '14': 13818, '15': 34547, '16': 38027, '17': 12882, '18': 26295, '19': 38629, '20': 12195, '21': 30660, '22': 34063, '23': 10824, '24': 10915, '25': 29505, '26': 37173, '27': 23996, '28': 24196, '29': 27376, '30': 28901, '31': 21834, '32': 22729, '33': 23977, '34': 24311, '35': 30705, '36': 34093, '37': 11071, '38': 30834, '39': 38823, '40': 14144, '41': 34943, '42': 37037, '43': 8337, '44': 29899, '45': 36707, '46': 14387, '47': 30712, '48': 35271, '49': 10976, '50': 11781, '51': 33240, '52': 37622, '53': 7434, '54': 23050}"
4546,/net/kihara/scratch/mzumbado/biostructure/em/src/dataset/models/4546.mrc,0.03,/net/kihara/scratch/mzumbado/biostructure/em/src/dataset/ground_truth/4546_gt.mrc,16,16,910456,901716,8740,78921,"{'1': 52767, '2': 58781, '3': 43505, '4': 44691, '5': 52265, '6': 50099, '7': 57442, '8': 49467, '9': 93490, '10': 101425, '11': 46685, '12': 71268, '13': 56334, '14': 137, '15': 83123, '16': 40237}"
4400,/net/kihara/scratch/mzumbado/biostructure/em/src/dataset/models/4400.mrc,0.018,/net/kihara/scratch/mzumbado/biostructure/em/src/dataset/ground_truth/4400_gt.mrc,5,5,135949,135816,133,3602,"{'1': 31523, '2': 35444, '3': 35840, '4': 31680, '5': 1329}"
4343,/net/kihara/scratch/mzumbado/biostructure/em/src/dataset/models/4343.mrc,0.014,/net/kihara/scratch/mzumbado/biostructure/em/src/dataset/ground_truth/4343_gt.mrc,6,6,655011,634378,20633,184691,"{'1': 162321, '2': 161634, '3': 97464, '4': 98918, '5': 57200, '6': 56841}"
4194,/net/kihara/scratch/mzumbado/biostructure/em/src/dataset/models/4194.mrc,1.45,/net/kihara/scratch/mzumbado/biostructure/em/src/dataset/ground_truth/4194_gt.mrc,18,18,373627,347418,26209,39404,"{'1': 15000, '2': 5570, '3': 9576, '4': 10230, '5': 14339, '6': 13786, '7': 10348, '8': 9316, '9': 7160, '10': 12594, '11': 16715, '12': 9333, '13': 29773, '14': 32609, '15': 39298, '16': 38288, '17': 35837, '18': 37646}"
4156,/net/kihara/scratch/mzumbado/biostructure/em/src/dataset/models/4156.mrc,0.0405,/net/kihara/scratch/mzumbado/biostructure/em/src/dataset/ground_truth/4156_gt.mrc,5,5,199281,198101,1180,7976,"{'1': 6077, '2': 44911, '3': 50914, '4': 47485, '5': 48714}"
4154,/net/kihara/scratch/mzumbado/biostructure/em/src/dataset/models/4154.mrc,0.0314,/net/kihara/scratch/mzumbado/biostructure/em/src/dataset/ground_truth/4154_gt.mrc,5,5,216665,203645,13020,50857,"{'1': 48661, '2': 50084, '3': 50428, '4': 48686, '5': 5786}"
4098,/net/kihara/scratch/mzumbado/biostructure/em/src/dataset/models/4098.mrc,0.012,/net/kihara/scratch/mzumbado/biostructure/em/src/dataset/ground_truth/4098_gt.mrc,26,26,1869288,511795,1357493,228596,"{'1': 19958, '2': 19883, '3': 20335, '4': 19899, '5': 19368, '6': 20039, '7': 19192, '8': 18351, '9': 19492, '10': 19385, '11': 18731, '12': 19397, '13': 19437, '14': 19012, '15': 20124, '16': 20150, '17': 19866, '18': 20340, '19': 19725, '20': 19446, '21': 20173, '22': 19852, '23': 19748, '24': 20030, '25': 20256, '26': 19606}"
4057,/net/kihara/scratch/mzumbado/biostructure/em/src/dataset/models/4057.mrc,0.006,/net/kihara/scratch/mzumbado/biostructure/em/src/dataset/ground_truth/4057_gt.mrc,45,45,4012878,3129758,883120,828776,"{'1': 95929, '2': 7037, '3': 4876, '4': 172819, '5': 54049, '6': 386267, '7': 379605, '8': 33129, '9': 10942, '10': 190979, '11': 37788, '12': 100091, '13': 47214, '14': 46032, '15': 39874, '16': 61708, '17': 78320, '18': 101297, '19': 15782, '20': 23317, '21': 127179, '22': 190209, '23': 26592, '24': 24038, '25': 4779, '26': 6816, '27': 16917, '28': 28292, '29': 23763, '30': 45843, '31': 31911, '32': 21112, '33': 21146, '34': 13288, '35': 22934, '36': 7300, '37': 7345, '38': 20490, '39': 159798, '40': 87926, '41': 77448, '42': 85551, '43': 91799, '44': 43325, '45': 56902}"
4039,/net/kihara/scratch/mzumbado/biostructure/em/src/dataset/models/4039.mrc,0.0015,/net/kihara/scratch/mzumbado/biostructure/em/src/dataset/ground_truth/4039_gt.mrc,24,24,1070993,1070993,0,27090,"{'1': 42620, '2': 43879, '3': 43722, '4': 43779, '5': 43317, '6': 43992, '7': 44288, '8': 45677, '9': 45775, '10': 45449, '11': 45276, '12': 46124, '13': 44680, '14': 44885, '15': 44899, '16': 44730, '17': 44627, '18': 44581, '19': 44676, '20': 44952, '21': 44943, '22': 44890, '23': 44707, '24': 44525}"
3948,/net/kihara/scratch/mzumbado/biostructure/em/src/dataset/models/3948.mrc,0.07,/net/kihara/scratch/mzumbado/biostructure/em/src/dataset/ground_truth/3948_gt.mrc,10,10,124086,123898,188,35129,"{'1': 6311, '2': 5261, '3': 6242, '4': 5475, '5': 5845, '6': 5268, '7': 7721, '8': 6001, '9': 34812, '10': 40962}"
3896,/net/kihara/scratch/mzumbado/biostructure/em/src/dataset/models/3896.mrc,0.0147,/net/kihara/scratch/mzumbado/biostructure/em/src/dataset/ground_truth/3896_gt.mrc,10,10,2214384,1756097,458287,420626,"{'1': 564075, '2': 82977, '3': 577256, '4': 82923, '5': 136927, '6': 134673, '7': 44062, '8': 43598, '9': 44031, '10': 45575}"
3882,/net/kihara/scratch/mzumbado/biostructure/em/src/dataset/models/3882.mrc,1.9,/net/kihara/scratch/mzumbado/biostructure/em/src/dataset/ground_truth/3882_gt.mrc,18,18,285251,274851,10400,18843,"{'1': 10549, '2': 7465, '3': 6584, '4': 7593, '5': 11975, '6': 12752, '7': 7886, '8': 5465, '9': 6872, '10': 8806, '11': 12977, '12': 11372, '13': 20093, '14': 21518, '15': 31005, '16': 29786, '17': 30053, '18': 32100}"
3544,/net/kihara/scratch/mzumbado/biostructure/em/src/dataset/models/3544.mrc,0.04,/net/kihara/scratch/mzumbado/biostructure/em/src/dataset/ground_truth/3544_gt.mrc,6,6,2794142,50482,2743660,12256,"{'1': 7245, '2': 7667, '3': 8700, '4': 8792, '5': 7405, '6': 10673}"
3543,/net/kihara/scratch/mzumbado/biostructure/em/src/dataset/models/3543.mrc,0.07,/net/kihara/scratch/mzumbado/biostructure/em/src/dataset/ground_truth/3543_gt.mrc,15,15,1170499,100436,1070063,6774,"{'1': 6520, '2': 6292, '3': 6470, '4': 6256, '5': 6507, '6': 6651, '7': 6383, '8': 7152, '9': 7316, '10': 6896, '11': 6749, '12': 7158, '13': 7259, '14': 6357, '15': 6470}"
3436,/net/kihara/scratch/mzumbado/biostructure/em/src/dataset/models/3436.mrc,0.065,/net/kihara/scratch/mzumbado/biostructure/em/src/dataset/ground_truth/3436_gt.mrc,6,6,256482,256429,53,1008,"{'1': 47488, '2': 49936, '3': 44296, '4': 38349, '5': 28822, '6': 47538}"
3435,/net/kihara/scratch/mzumbado/biostructure/em/src/dataset/models/3435.mrc,0.083,/net/kihara/scratch/mzumbado/biostructure/em/src/dataset/ground_truth/3435_gt.mrc,6,6,251857,251329,528,775,"{'1': 39435, '2': 41983, '3': 42633, '4': 41307, '5': 42114, '6': 43857}"
3356,/net/kihara/scratch/mzumbado/biostructure/em/src/dataset/models/3356.mrc,0.038,/net/kihara/scratch/mzumbado/biostructure/em/src/dataset/ground_truth/3356_gt.mrc,4,4,392667,337240,55427,51524,"{'1': 86777, '2': 81293, '3': 87720, '4': 81450}"
3355,/net/kihara/scratch/mzumbado/biostructure/em/src/dataset/models/3355.mrc,0.037,/net/kihara/scratch/mzumbado/biostructure/em/src/dataset/ground_truth/3355_gt.mrc,4,4,427842,350580,77262,63253,"{'1': 91556, '2': 84164, '3': 93476, '4': 81384}"
3354,/net/kihara/scratch/mzumbado/biostructure/em/src/dataset/models/3354.mrc,0.042,/net/kihara/scratch/mzumbado/biostructure/em/src/dataset/ground_truth/3354_gt.mrc,4,4,289329,259695,29634,68364,"{'1': 67188, '2': 62448, '3': 67735, '4': 62324}"
3353,/net/kihara/scratch/mzumbado/biostructure/em/src/dataset/models/3353.mrc,0.045,/net/kihara/scratch/mzumbado/biostructure/em/src/dataset/ground_truth/3353_gt.mrc,4,4,228602,217797,10805,57494,"{'1': 57566, '2': 51194, '3': 57685, '4': 51352}"
3329,/net/kihara/scratch/mzumbado/biostructure/em/src/dataset/models/3329.mrc,0.044,/net/kihara/scratch/mzumbado/biostructure/em/src/dataset/ground_truth/3329_gt.mrc,4,4,707491,705213,2278,187174,"{'1': 307379, '2': 307717, '3': 45126, '4': 44991}"
3235,/net/kihara/scratch/mzumbado/biostructure/em/src/dataset/models/3235.mrc,0.09,/net/kihara/scratch/mzumbado/biostructure/em/src/dataset/ground_truth/3235_gt.mrc,22,16,1553578,713572,840006,522800,"{'1': 0, '2': 0, '3': 6723, '4': 24623, '5': 63077, '6': 63122, '7': 66069, '8': 67140, '9': 67454, '10': 67435, '11': 67643, '12': 66978, '13': 59286, '14': 72900, '15': 10816, '16': 2001, '17': 0, '18': 0, '19': 0, '20': 5012, '21': 3293, '22': 0}"
32164,/net/kihara/scratch/mzumbado/biostructure/em/src/dataset/models/32164.mrc,0.663,/net/kihara/scratch/mzumbado/biostructure/em/src/dataset/ground_truth/32164_gt.mrc,29,29,1207982,1199894,8088,27647,"{'1': 11923, '2': 12612, '3': 63554, '4': 64834, '5': 66311, '6': 68998, '7': 67374, '8': 66470, '9': 69066, '10': 66323, '11': 68834, '12': 68311, '13': 70447, '14': 69066, '15': 69906, '16': 70493, '17': 11422, '18': 12518, '19': 12891, '20': 13330, '21': 13030, '22': 13254, '23': 14669, '24': 13038, '25': 13430, '26': 12903, '27': 13851, '28': 14352, '29': 66684}"
31823,/net/kihara/scratch/mzumbado/biostructure/em/src/dataset/models/31823.mrc,0.0049,/net/kihara/scratch/mzumbado/biostructure/em/src/dataset/ground_truth/31823_gt.mrc,34,34,1693010,1677256,15754,398237,"{'1': 15237, '2': 19068, '3': 19716, '4': 27707, '5': 23527, '6': 20703, '7': 25023, '8': 29131, '9': 15005, '10': 17845, '11': 20776, '12': 26608, '13': 22634, '14': 25791, '15': 18533, '16': 25820, '17': 17936, '18': 19640, '19': 16157, '20': 29717, '21': 18211, '22': 19734, '23': 22688, '24': 27938, '25': 17308, '26': 21962, '27': 18408, '28': 28017, '29': 18934, '30': 20340, '31': 24039, '32': 26494, '33': 437275, '34': 539334}"
31721,/net/kihara/scratch/mzumbado/biostructure/em/src/dataset/models/31721.mrc,0.217,/net/kihara/scratch/mzumbado/biostructure/em/src/dataset/ground_truth/31721_gt.mrc,6,6,311824,310961,863,49667,"{'1': 104003, '2': 105273, '3': 37191, '4': 13730, '5': 35318, '6': 15446}"
31119,/net/kihara/scratch/mzumbado/biostructure/em/src/dataset/models/31119.mrc,0.015,/net/kihara/scratch/mzumbado/biostructure/em/src/dataset/ground_truth/31119_gt.mrc,24,24,1496986,1246857,250129,344553,"{'1': 176725, '2': 201387, '3': 38110, '4': 141703, '5': 89498, '6': 67671, '7': 42714, '8': 44710, '9': 27508, '10': 29745, '11': 16802, '12': 43519, '13': 32470, '14': 35973, '15': 52654, '16': 9572, '17': 14391, '18': 47984, '19': 76656, '20': 23917, '21': 7953, '22': 5934, '23': 16175, '24': 3086}"
31118,/net/kihara/scratch/mzumbado/biostructure/em/src/dataset/models/31118.mrc,0.01,/net/kihara/scratch/mzumbado/biostructure/em/src/dataset/ground_truth/31118_gt.mrc,22,22,1175454,1131164,44290,200954,"{'1': 95122, '2': 195225, '3': 35590, '4': 87585, '5': 78449, '6': 58860, '7': 44936, '8': 34892, '9': 31031, '10': 30632, '11': 15224, '12': 54400, '13': 32644, '14': 13457, '15': 31001, '16': 71225, '17': 62925, '18': 33812, '19': 33456, '20': 24063, '21': 34130, '22': 32505}"
31114,/net/kihara/scratch/mzumbado/biostructure/em/src/dataset/models/31114.mrc,0.0062,/net/kihara/scratch/mzumbado/biostructure/em/src/dataset/ground_truth/31114_gt.mrc,20,20,1436600,1274597,162003,307550,"{'1': 117973, '2': 212816, '3': 49644, '4': 108437, '5': 107367, '6': 58475, '7': 56445, '8': 44315, '9': 33031, '10': 35873, '11': 4112, '12': 10602, '13': 39480, '14': 115048, '15': 97795, '16': 46938, '17': 29857, '18': 25214, '19': 45731, '20': 35444}"
31107,/net/kihara/scratch/mzumbado/biostructure/em/src/dataset/models/31107.mrc,0.008,/net/kihara/scratch/mzumbado/biostructure/em/src/dataset/ground_truth/31107_gt.mrc,39,39,1446162,1431542,14620,302764,"{'1': 80480, '2': 157612, '3': 24950, '4': 85508, '5': 47801, '6': 22793, '7': 31075, '8': 23340, '9': 15457, '10': 13756, '11': 15980, '12': 34923, '13': 22835, '14': 45414, '15': 24591, '16': 18530, '17': 18329, '18': 22244, '19': 5939, '20': 259, '21': 2805, '22': 34663, '23': 215, '24': 2760, '25': 690, '26': 132, '27': 9, '28': 236551, '29': 209377, '30': 50327, '31': 17403, '32': 35830, '33': 16564, '34': 22314, '35': 15982, '36': 11752, '37': 21545, '38': 12615, '39': 28192}"
31028,/net/kihara/scratch/mzumbado/biostructure/em/src/dataset/models/31028.mrc,0.01,/net/kihara/scratch/mzumbado/biostructure/em/src/dataset/ground_truth/31028_gt.mrc,22,22,639692,599593,40099,208515,"{'1': 11110, '2': 20552, '3': 17591, '4': 16912, '5': 17625, '6': 19955, '7': 19932, '8': 15087, '9': 85723, '10': 87887, '11': 30283, '12': 2152, '13': 10443, '14': 10451, '15': 12836, '16': 14948, '17': 13821, '18': 15181, '19': 9811, '20': 61569, '21': 76153, '22': 29571}"
30997,/net/kihara/scratch/mzumbado/biostructure/em/src/dataset/models/30997.mrc,0.0104,/net/kihara/scratch/mzumbado/biostructure/em/src/dataset/ground_truth/30997_gt.mrc,4,4,263449,261119,2330,66103,"{'1': 115878, '2': 15249, '3': 114867, '4': 15125}"
30705,/net/kihara/scratch/mzumbado/biostructure/em/src/dataset/models/30705.mrc,0.75,/net/kihara/scratch/mzumbado/biostructure/em/src/dataset/ground_truth/30705_gt.mrc,9,9,690373,645588,44785,118261,"{'1': 770, '2': 17709, '3': 149706, '4': 143217, '5': 25145, '6': 44368, '7': 27725, '8': 41678, '9': 195270}"
30642,/net/kihara/scratch/mzumbado/biostructure/em/src/dataset/models/30642.mrc,0.9,/net/kihara/scratch/mzumbado/biostructure/em/src/dataset/ground_truth/30642_gt.mrc,7,7,453453,430473,22980,101543,"{'1': 115098, '2': 124286, '3': 19240, '4': 14847, '5': 117272, '6': 24304, '7': 15426}"
30239,/net/kihara/scratch/mzumbado/biostructure/em/src/dataset/models/30239.mrc,0.02,/net/kihara/scratch/mzumbado/biostructure/em/src/dataset/ground_truth/30239_gt.mrc,12,12,132220,132205,15,36894,"{'1': 7022, '2': 4810, '3': 6700, '4': 6116, '5': 6898, '6': 5097, '7': 6972, '8': 6160, '9': 37288, '10': 37942, '11': 3500, '12': 3700}"
2786,/net/kihara/scratch/mzumbado/biostructure/em/src/dataset/models/2786.mrc,0.0135,/net/kihara/scratch/mzumbado/biostructure/em/src/dataset/ground_truth/2786_gt.mrc,26,26,1229296,993635,235661,123217,"{'1': 144537, '2': 179381, '3': 32290, '4': 23948, '5': 37953, '6': 12102, '7': 39756, '8': 18495, '9': 23679, '10': 15299, '11': 23880, '12': 16026, '13': 45644, '14': 11221, '15': 21071, '16': 2347, '17': 19302, '18': 17654, '19': 35520, '20': 31717, '21': 33033, '22': 23378, '23': 87647, '24': 44565, '25': 34687, '26': 18503}"
2752,/net/kihara/scratch/mzumbado/biostructure/em/src/dataset/models/2752.mrc,1.31,/net/kihara/scratch/mzumbado/biostructure/em/src/dataset/ground_truth/2752_gt.mrc,4,4,1946587,1799114,147473,334836,"{'1': 447049, '2': 449024, '3': 449494, '4': 453547}"
26927,/net/kihara/scratch/mzumbado/biostructure/em/src/dataset/models/26927.mrc,0.1,/net/kihara/scratch/mzumbado/biostructure/em/src/dataset/ground_truth/26927_gt.mrc,9,9,522281,491731,30550,212355,"{'1': 42376, '2': 38948, '3': 45443, '4': 82578, '5': 159093, '6': 15314, '7': 59316, '8': 22087, '9': 26576}"
2627,/net/kihara/scratch/mzumbado/biostructure/em/src/dataset/models/2627.mrc,0.042,/net/kihara/scratch/mzumbado/biostructure/em/src/dataset/ground_truth/2627_gt.mrc,60,60,2726101,982403,1743698,354840,"{'1': 6, '2': 25703, '3': 6687, '4': 19677, '5': 22480, '6': 19961, '7': 29364, '8': 26203, '9': 12001, '10': 2386, '11': 9885, '12': 23750, '13': 26325, '14': 10560, '15': 17370, '16': 20803, '17': 18398, '18': 28050, '19': 10515, '20': 15565, '21': 14006, '22': 16250, '23': 24239, '24': 18991, '25': 5278, '26': 3797, '27': 13480, '28': 29661, '29': 5718, '30': 11689, '31': 1565, '32': 26718, '33': 15193, '34': 379, '35': 4342, '36': 25520, '37': 16261, '38': 14221, '39': 19545, '40': 21375, '41': 19845, '42': 27448, '43': 27102, '44': 3799, '45': 21637, '46': 22041, '47': 29894, '48': 36548, '49': 499, '50': 2602, '51': 24712, '52': 15727, '53': 7330, '54': 20355, '55': 13267, '56': 6279, '57': 12874, '58': 33295, '59': 11292, '60': 11940}"
25980,/net/kihara/scratch/mzumbado/biostructure/em/src/dataset/models/25980.mrc,0.45,/net/kihara/scratch/mzumbado/biostructure/em/src/dataset/ground_truth/25980_gt.mrc,27,27,729134,651765,77369,158507,"{'1': 7160, '2': 8402, '3': 8421, '4': 9863, '5': 11627, '6': 12873, '7': 12209, '8': 12579, '9': 11876, '10': 10580, '11': 60462, '12': 63486, '13': 55412, '14': 55102, '15': 62788, '16': 55405, '17': 36750, '18': 13124, '19': 6973, '20': 30089, '21': 35604, '22': 22579, '23': 17206, '24': 11552, '25': 6410, '26': 6092, '27': 7141}"
25972,/net/kihara/scratch/mzumbado/biostructure/em/src/dataset/models/25972.mrc,0.5,/net/kihara/scratch/mzumbado/biostructure/em/src/dataset/ground_truth/25972_gt.mrc,27,27,660202,589494,70708,146001,"{'1': 7781, '2': 8530, '3': 9611, '4': 11545, '5': 10419, '6': 8812, '7': 7212, '8': 7523, '9': 8184, '10': 8792, '11': 56192, '12': 53797, '13': 50250, '14': 49203, '15': 54242, '16': 51256, '17': 26105, '18': 14604, '19': 8739, '20': 26617, '21': 29401, '22': 22722, '23': 20974, '24': 15933, '25': 6345, '26': 6663, '27': 8042}"
25971,/net/kihara/scratch/mzumbado/biostructure/em/src/dataset/models/25971.mrc,0.45,/net/kihara/scratch/mzumbado/biostructure/em/src/dataset/ground_truth/25971_gt.mrc,27,27,746921,661206,85715,184891,"{'1': 9592, '2': 10313, '3': 12506, '4': 13791, '5': 12524, '6': 10611, '7': 8449, '8': 8154, '9': 8256, '10': 11172, '11': 62860, '12': 61871, '13': 52369, '14': 53157, '15': 64701, '16': 55181, '17': 27830, '18': 17195, '19': 11254, '20': 29200, '21': 36629, '22': 24987, '23': 21893, '24': 17117, '25': 4347, '26': 6130, '27': 9117}"
25956,/net/kihara/scratch/mzumbado/biostructure/em/src/dataset/models/25956.mrc,0.55,/net/kihara/scratch/mzumbado/biostructure/em/src/dataset/ground_truth/25956_gt.mrc,27,27,530339,483654,46685,113688,"{'1': 6423, '2': 6270, '3': 6476, '4': 7690, '5': 6855, '6': 6445, '7': 6600, '8': 7556, '9': 6969, '10': 8471, '11': 46835, '12': 48316, '13': 45831, '14': 43493, '15': 45807, '16': 42322, '17': 26109, '18': 13180, '19': 6179, '20': 20576, '21': 21933, '22': 15911, '23': 15331, '24': 8432, '25': 4175, '26': 4476, '27': 4993}"
25851,/net/kihara/scratch/mzumbado/biostructure/em/src/dataset/models/25851.mrc,3.0,/net/kihara/scratch/mzumbado/biostructure/em/src/dataset/ground_truth/25851_gt.mrc,8,8,210942,210932,10,18456,"{'1': 50064, '2': 45332, '3': 50230, '4': 44970, '5': 4203, '6': 5887, '7': 4076, '8': 6170}"
25850,/net/kihara/scratch/mzumbado/biostructure/em/src/dataset/models/25850.mrc,3.0,/net/kihara/scratch/mzumbado/biostructure/em/src/dataset/ground_truth/25850_gt.mrc,8,8,212382,212377,5,11463,"{'1': 47536, '2': 47754, '3': 47321, '4': 46982, '5': 4451, '6': 6886, '7': 3974, '8': 7473}"
25849,/net/kihara/scratch/mzumbado/biostructure/em/src/dataset/models/25849.mrc,3.0,/net/kihara/scratch/mzumbado/biostructure/em/src/dataset/ground_truth/25849_gt.mrc,8,8,205687,205516,171,1068,"{'1': 46040, '2': 44691, '3': 46460, '4': 44527, '5': 5008, '6': 6834, '7': 4392, '8': 7564}"
25845,/net/kihara/scratch/mzumbado/biostructure/em/src/dataset/models/25845.mrc,3.0,/net/kihara/scratch/mzumbado/biostructure/em/src/dataset/ground_truth/25845_gt.mrc,8,8,276570,275428,1142,15257,"{'1': 65299, '2': 66504, '3': 67092, '4': 66732, '5': 3517, '6': 1514, '7': 3709, '8': 1061}"
25737,/net/kihara/scratch/mzumbado/biostructure/em/src/dataset/models/25737.mrc,0.25,/net/kihara/scratch/mzumbado/biostructure/em/src/dataset/ground_truth/25737_gt.mrc,12,12,2230126,1485562,744564,22450,"{'1': 126238, '2': 110664, '3': 134220, '4': 134345, '5': 134031, '6': 138155, '7': 139914, '8': 115050, '9': 114174, '10': 113281, '11': 112420, '12': 113070}"
24712,/net/kihara/scratch/mzumbado/biostructure/em/src/dataset/models/24712.mrc,0.25,/net/kihara/scratch/mzumbado/biostructure/em/src/dataset/ground_truth/24712_gt.mrc,10,10,389663,385164,4499,193474,"{'1': 74377, '2': 60548, '3': 40326, '4': 16180, '5': 714, '6': 75550, '7': 60487, '8': 40804, '9': 15562, '10': 616}"
24578,/net/kihara/scratch/mzumbado/biostructure/em/src/dataset/models/24578.mrc,0.0158,/net/kihara/scratch/mzumbado/biostructure/em/src/dataset/ground_truth/24578_gt.mrc,8,8,193462,193462,0,2493,"{'1': 14280, '2': 13900, '3': 34359, '4': 33768, '5': 33877, '6': 33205, '7': 15475, '8': 14598}"
24566,/net/kihara/scratch/mzumbado/biostructure/em/src/dataset/models/24566.mrc,0.355,/net/kihara/scratch/mzumbado/biostructure/em/src/dataset/ground_truth/24566_gt.mrc,12,12,328724,328724,0,1843,"{'1': 6236, '2': 5969, '3': 32613, '4': 33191, '5': 31589, '6': 32477, '7': 7212, '8': 6662, '9': 42943, '10': 42139, '11': 43060, '12': 44633}"
24425,/net/kihara/scratch/mzumbado/biostructure/em/src/dataset/models/24425.mrc,0.26,/net/kihara/scratch/mzumbado/biostructure/em/src/dataset/ground_truth/24425_gt.mrc,3,3,138353,134385,3968,4974,"{'1': 44171, '2': 45368, '3': 44846}"
23930,/net/kihara/scratch/mzumbado/biostructure/em/src/dataset/models/23930.mrc,0.3,/net/kihara/scratch/mzumbado/biostructure/em/src/dataset/ground_truth/23930_gt.mrc,2,2,713332,649883,63449,178753,"{'1': 324787, '2': 325096}"
23832,/net/kihara/scratch/mzumbado/biostructure/em/src/dataset/models/23832.mrc,0.016,/net/kihara/scratch/mzumbado/biostructure/em/src/dataset/ground_truth/23832_gt.mrc,4,4,133316,133315,1,2824,"{'1': 33461, '2': 32767, '3': 33325, '4': 33762}"
23751,/net/kihara/scratch/mzumbado/biostructure/em/src/dataset/models/23751.mrc,0.1,/net/kihara/scratch/mzumbado/biostructure/em/src/dataset/ground_truth/23751_gt.mrc,5,5,75188,69752,5436,2157,"{'1': 9778, '2': 14215, '3': 10569, '4': 16534, '5': 18656}"
23192,/net/kihara/scratch/mzumbado/biostructure/em/src/dataset/models/23192.mrc,0.132,/net/kihara/scratch/mzumbado/biostructure/em/src/dataset/ground_truth/23192_gt.mrc,12,12,553332,545039,8293,73991,"{'1': 45366, '2': 45044, '3': 44975, '4': 45406, '5': 45641, '6': 45786, '7': 45776, '8': 45782, '9': 45366, '10': 45006, '11': 45181, '12': 45710}"
23064,/net/kihara/scratch/mzumbado/biostructure/em/src/dataset/models/23064.mrc,0.24,/net/kihara/scratch/mzumbado/biostructure/em/src/dataset/ground_truth/23064_gt.mrc,9,9,612262,597473,14789,161962,"{'1': 148691, '2': 159714, '3': 134003, '4': 38631, '5': 20844, '6': 26938, '7': 34034, '8': 16449, '9': 18169}"
23046,/net/kihara/scratch/mzumbado/biostructure/em/src/dataset/models/23046.mrc,0.04,/net/kihara/scratch/mzumbado/biostructure/em/src/dataset/ground_truth/23046_gt.mrc,10,10,159285,159184,101,22778,"{'1': 15899, '2': 15843, '3': 15802, '4': 16143, '5': 15841, '6': 15967, '7': 16071, '8': 15872, '9': 15956, '10': 15790}"
22981,/net/kihara/scratch/mzumbado/biostructure/em/src/dataset/models/22981.mrc,0.027,/net/kihara/scratch/mzumbado/biostructure/em/src/dataset/ground_truth/22981_gt.mrc,29,29,1523218,1459749,63469,310986,"{'1': 74300, '2': 80716, '3': 71076, '4': 70810, '5': 68891, '6': 71435, '7': 68883, '8': 65539, '9': 76086, '10': 66193, '11': 76149, '12': 64453, '13': 75833, '14': 79063, '15': 66389, '16': 53508, '17': 61681, '18': 6369, '19': 6673, '20': 27799, '21': 18634, '22': 29370, '23': 29887, '24': 49247, '25': 1905, '26': 10146, '27': 17257, '28': 35529, '29': 35928}"
22978,/net/kihara/scratch/mzumbado/biostructure/em/src/dataset/models/22978.mrc,0.031,/net/kihara/scratch/mzumbado/biostructure/em/src/dataset/ground_truth/22978_gt.mrc,29,29,1399239,1365267,33972,173595,"{'1': 75930, '2': 73814, '3': 71507, '4': 67453, '5': 69162, '6': 64831, '7': 70504, '8': 66986, '9': 66855, '10': 68672, '11': 67919, '12': 65924, '13': 68231, '14': 80052, '15': 58759, '16': 35515, '17': 52802, '18': 3378, '19': 6814, '20': 15471, '21': 20746, '22': 29218, '23': 32493, '24': 48723, '25': 5221, '26': 7395, '27': 21933, '28': 19766, '29': 29193}"
22966,/net/kihara/scratch/mzumbado/biostructure/em/src/dataset/models/22966.mrc,0.03,/net/kihara/scratch/mzumbado/biostructure/em/src/dataset/ground_truth/22966_gt.mrc,29,29,1426639,1391164,35475,162528,"{'1': 75587, '2': 75676, '3': 71726, '4': 69263, '5': 69849, '6': 67865, '7': 70718, '8': 68271, '9': 68284, '10': 70942, '11': 67353, '12': 67790, '13': 68515, '14': 81102, '15': 61271, '16': 34872, '17': 56847, '18': 4069, '19': 7860, '20': 16060, '21': 22097, '22': 28671, '23': 32143, '24': 48876, '25': 5098, '26': 7384, '27': 20534, '28': 21396, '29': 31045}"
22965,/net/kihara/scratch/mzumbado/biostructure/em/src/dataset/models/22965.mrc,0.032,/net/kihara/scratch/mzumbado/biostructure/em/src/dataset/ground_truth/22965_gt.mrc,29,29,1386788,1337525,49263,222886,"{'1': 71326, '2': 73923, '3': 67344, '4': 67475, '5': 67831, '6': 65357, '7': 66439, '8': 64330, '9': 68878, '10': 65551, '11': 68407, '12': 63564, '13': 69861, '14': 75333, '15': 58341, '16': 41030, '17': 53015, '18': 6351, '19': 4891, '20': 19933, '21': 17323, '22': 25255, '23': 30346, '24': 45607, '25': 2035, '26': 8741, '27': 17786, '28': 22266, '29': 28986}"
22964,/net/kihara/scratch/mzumbado/biostructure/em/src/dataset/models/22964.mrc,0.03,/net/kihara/scratch/mzumbado/biostructure/em/src/dataset/ground_truth/22964_gt.mrc,29,29,1361837,1333450,28387,164908,"{'1': 66444, '2': 73154, '3': 68512, '4': 68974, '5': 67531, '6': 70599, '7': 67432, '8': 67527, '9': 68610, '10': 67804, '11': 69295, '12': 64855, '13': 68190, '14': 69609, '15': 56700, '16': 37302, '17': 48072, '18': 5741, '19': 4050, '20': 16581, '21': 19362, '22': 29298, '23': 28618, '24': 45774, '25': 4521, '26': 5569, '27': 15187, '28': 25410, '29': 32729}"
22754,/net/kihara/scratch/mzumbado/biostructure/em/src/dataset/models/22754.mrc,0.0247,/net/kihara/scratch/mzumbado/biostructure/em/src/dataset/ground_truth/22754_gt.mrc,4,4,59158,59157,1,2134,"{'1': 14588, '2': 14734, '3': 14911, '4': 14924}"
22423,/net/kihara/scratch/mzumbado/biostructure/em/src/dataset/models/22423.mrc,0.009,/net/kihara/scratch/mzumbado/biostructure/em/src/dataset/ground_truth/22423_gt.mrc,4,4,581684,564402,17282,175953,"{'1': 140575, '2': 140822, '3': 141277, '4': 141728}"
2238,/net/kihara/scratch/mzumbado/biostructure/em/src/dataset/models/2238.mrc,2.7,/net/kihara/scratch/mzumbado/biostructure/em/src/dataset/ground_truth/2238_gt.mrc,6,6,1638229,1638047,182,16998,"{'1': 269453, '2': 268735, '3': 271569, '4': 274468, '5': 276540, '6': 277282}"
22233,/net/kihara/scratch/mzumbado/biostructure/em/src/dataset/models/22233.mrc,0.0439,/net/kihara/scratch/mzumbado/biostructure/em/src/dataset/ground_truth/22233_gt.mrc,8,8,39837,39837,0,3449,"{'1': 4344, '2': 5037, '3': 5055, '4': 5037, '5': 4643, '6': 5213, '7': 5528, '8': 4980}"
22115,/net/kihara/scratch/mzumbado/biostructure/em/src/dataset/models/22115.mrc,0.0025,/net/kihara/scratch/mzumbado/biostructure/em/src/dataset/ground_truth/22115_gt.mrc,16,16,1417646,1364570,53076,330462,"{'1': 7085, '2': 15675, '3': 15195, '4': 6241, '5': 19665, '6': 75965, '7': 66859, '8': 229640, '9': 353203, '10': 58558, '11': 71271, '12': 71349, '13': 65932, '14': 107417, '15': 111137, '16': 89378}"
21693,/net/kihara/scratch/mzumbado/biostructure/em/src/dataset/models/21693.mrc,0.678,/net/kihara/scratch/mzumbado/biostructure/em/src/dataset/ground_truth/21693_gt.mrc,4,4,64113,64113,0,1144,"{'1': 20401, '2': 20522, '3': 11385, '4': 11805}"
21454,/net/kihara/scratch/mzumbado/biostructure/em/src/dataset/models/21454.mrc,0.0166,/net/kihara/scratch/mzumbado/biostructure/em/src/dataset/ground_truth/21454_gt.mrc,4,4,139891,138772,1119,20242,"{'1': 34425, '2': 34925, '3': 34827, '4': 34595}"
21151,/net/kihara/scratch/mzumbado/biostructure/em/src/dataset/models/21151.mrc,0.009,/net/kihara/scratch/mzumbado/biostructure/em/src/dataset/ground_truth/21151_gt.mrc,12,12,170605,166313,4292,73146,"{'1': 26371, '2': 29164, '3': 27202, '4': 26916, '5': 8617, '6': 7642, '7': 9097, '8': 6699, '9': 7088, '10': 6628, '11': 5837, '12': 5052}"
21121,/net/kihara/scratch/mzumbado/biostructure/em/src/dataset/models/21121.mrc,0.5,/net/kihara/scratch/mzumbado/biostructure/em/src/dataset/ground_truth/21121_gt.mrc,2,2,83296,83269,27,28610,"{'1': 74698, '2': 8571}"
20932,/net/kihara/scratch/mzumbado/biostructure/em/src/dataset/models/20932.mrc,0.006,/net/kihara/scratch/mzumbado/biostructure/em/src/dataset/ground_truth/20932_gt.mrc,8,8,190573,184048,6525,68199,"{'1': 26707, '2': 19354, '3': 25833, '4': 19935, '5': 25782, '6': 19689, '7': 26981, '8': 19767}"
20930,/net/kihara/scratch/mzumbado/biostructure/em/src/dataset/models/20930.mrc,0.004,/net/kihara/scratch/mzumbado/biostructure/em/src/dataset/ground_truth/20930_gt.mrc,8,8,239464,234627,4837,53513,"{'1': 34867, '2': 23210, '3': 34994, '4': 23931, '5': 35145, '6': 23195, '7': 35951, '8': 23334}"
20916,/net/kihara/scratch/mzumbado/biostructure/em/src/dataset/models/20916.mrc,0.00568,/net/kihara/scratch/mzumbado/biostructure/em/src/dataset/ground_truth/20916_gt.mrc,12,12,259015,222876,36139,32950,"{'1': 18335, '2': 18042, '3': 18673, '4': 18640, '5': 17916, '6': 18558, '7': 18412, '8': 18505, '9': 18656, '10': 19282, '11': 18934, '12': 18923}"
20726,/net/kihara/scratch/mzumbado/biostructure/em/src/dataset/models/20726.mrc,0.021,/net/kihara/scratch/mzumbado/biostructure/em/src/dataset/ground_truth/20726_gt.mrc,16,16,305921,286725,19196,5797,"{'1': 25398, '2': 22400, '3': 25222, '4': 22996, '5': 14186, '6': 14112, '7': 11728, '8': 13300, '9': 23746, '10': 12273, '11': 27396, '12': 26834, '13': 11226, '14': 14326, '15': 10879, '16': 10703}"
20689,/net/kihara/scratch/mzumbado/biostructure/em/src/dataset/models/20689.mrc,0.009,/net/kihara/scratch/mzumbado/biostructure/em/src/dataset/ground_truth/20689_gt.mrc,16,16,257820,249800,8020,77941,"{'1': 29042, '2': 29135, '3': 8340, '4': 8195, '5': 28832, '6': 28552, '7': 8559, '8': 7942, '9': 23609, '10': 24163, '11': 14318, '12': 14495, '13': 10213, '14': 2196, '15': 1877, '16': 10332}"
20665,/net/kihara/scratch/mzumbado/biostructure/em/src/dataset/models/20665.mrc,0.008,/net/kihara/scratch/mzumbado/biostructure/em/src/dataset/ground_truth/20665_gt.mrc,8,8,177537,174302,3235,73824,"{'1': 24471, '2': 24402, '3': 24342, '4': 24108, '5': 19141, '6': 18978, '7': 19530, '8': 19330}"
20664,/net/kihara/scratch/mzumbado/biostructure/em/src/dataset/models/20664.mrc,0.008,/net/kihara/scratch/mzumbado/biostructure/em/src/dataset/ground_truth/20664_gt.mrc,8,8,177986,176788,1198,38494,"{'1': 25218, '2': 25488, '3': 26129, '4': 24337, '5': 19187, '6': 19192, '7': 18498, '8': 18739}"
20613,/net/kihara/scratch/mzumbado/biostructure/em/src/dataset/models/20613.mrc,0.009,/net/kihara/scratch/mzumbado/biostructure/em/src/dataset/ground_truth/20613_gt.mrc,8,8,231950,212764,19186,10575,"{'1': 23686, '2': 26839, '3': 27142, '4': 27007, '5': 26626, '6': 26318, '7': 26306, '8': 28840}"
20495,/net/kihara/scratch/mzumbado/biostructure/em/src/dataset/models/20495.mrc,0.0148,/net/kihara/scratch/mzumbado/biostructure/em/src/dataset/ground_truth/20495_gt.mrc,4,4,176542,166056,10486,15759,"{'1': 41321, '2': 41535, '3': 41635, '4': 41565}"
20114,/net/kihara/scratch/mzumbado/biostructure/em/src/dataset/models/20114.mrc,0.281,/net/kihara/scratch/mzumbado/biostructure/em/src/dataset/ground_truth/20114_gt.mrc,6,6,240415,240142,273,16379,"{'1': 41243, '2': 42552, '3': 33966, '4': 45158, '5': 32901, '6': 44322}"
13442,/net/kihara/scratch/mzumbado/biostructure/em/src/dataset/models/13442.mrc,0.0042,/net/kihara/scratch/mzumbado/biostructure/em/src/dataset/ground_truth/13442_gt.mrc,8,8,140497,140415,82,41389,"{'1': 33809, '2': 1308, '3': 34017, '4': 1294, '5': 33695, '6': 1054, '7': 34065, '8': 1173}"
13387,/net/kihara/scratch/mzumbado/biostructure/em/src/dataset/models/13387.mrc,0.125,/net/kihara/scratch/mzumbado/biostructure/em/src/dataset/ground_truth/13387_gt.mrc,8,8,225817,221033,4784,35379,"{'1': 97628, '2': 104367, '3': 4806, '4': 5334, '5': 3944, '6': 1500, '7': 2086, '8': 1368}"
13378,/net/kihara/scratch/mzumbado/biostructure/em/src/dataset/models/13378.mrc,0.006,/net/kihara/scratch/mzumbado/biostructure/em/src/dataset/ground_truth/13378_gt.mrc,3,3,302492,206893,95599,54728,"{'1': 107056, '2': 26530, '3': 73307}"
13371,/net/kihara/scratch/mzumbado/biostructure/em/src/dataset/models/13371.mrc,0.043,/net/kihara/scratch/mzumbado/biostructure/em/src/dataset/ground_truth/13371_gt.mrc,19,19,374053,370318,3735,70845,"{'1': 11262, '2': 7057, '3': 10040, '4': 9863, '5': 10923, '6': 10153, '7': 8507, '8': 8458, '9': 91390, '10': 112757, '11': 6941, '12': 10511, '13': 10123, '14': 10441, '15': 10757, '16': 12202, '17': 8765, '18': 9716, '19': 10452}"
13319,/net/kihara/scratch/mzumbado/biostructure/em/src/dataset/models/13319.mrc,0.01,/net/kihara/scratch/mzumbado/biostructure/em/src/dataset/ground_truth/13319_gt.mrc,4,4,108081,108081,0,24226,"{'1': 14014, '2': 14461, '3': 39741, '4': 39865}"
13187,/net/kihara/scratch/mzumbado/biostructure/em/src/dataset/models/13187.mrc,0.015,/net/kihara/scratch/mzumbado/biostructure/em/src/dataset/ground_truth/13187_gt.mrc,4,4,107181,107115,66,1288,"{'1': 28111, '2': 37844, '3': 8926, '4': 32234}"
12312,/net/kihara/scratch/mzumbado/biostructure/em/src/dataset/models/12312.mrc,0.26,/net/kihara/scratch/mzumbado/biostructure/em/src/dataset/ground_truth/12312_gt.mrc,7,7,607914,600894,7020,81595,"{'1': 91042, '2': 95525, '3': 99587, '4': 107675, '5': 100983, '6': 102380, '7': 3702}"
11838,/net/kihara/scratch/mzumbado/biostructure/em/src/dataset/models/11838.mrc,0.014,/net/kihara/scratch/mzumbado/biostructure/em/src/dataset/ground_truth/11838_gt.mrc,5,5,101667,101426,241,9372,"{'1': 1693, '2': 16773, '3': 33805, '4': 15807, '5': 33348}"
11837,/net/kihara/scratch/mzumbado/biostructure/em/src/dataset/models/11837.mrc,0.01,/net/kihara/scratch/mzumbado/biostructure/em/src/dataset/ground_truth/11837_gt.mrc,5,5,136674,133259,3415,53681,"{'1': 787, '2': 28665, '3': 26547, '4': 40648, '5': 36612}"
11688,/net/kihara/scratch/mzumbado/biostructure/em/src/dataset/models/11688.mrc,0.2,/net/kihara/scratch/mzumbado/biostructure/em/src/dataset/ground_truth/11688_gt.mrc,6,6,680231,662878,17353,171741,"{'1': 139543, '2': 73345, '3': 73630, '4': 74654, '5': 150026, '6': 151680}"
10275,/net/kihara/scratch/mzumbado/biostructure/em/src/dataset/models/10275.mrc,0.0122,/net/kihara/scratch/mzumbado/biostructure/em/src/dataset/ground_truth/10275_gt.mrc,5,5,200484,174977,25507,21948,"{'1': 92166, '2': 42793, '3': 2621, '4': 25886, '5': 11511}"
10274,/net/kihara/scratch/mzumbado/biostructure/em/src/dataset/models/10274.mrc,0.0121,/net/kihara/scratch/mzumbado/biostructure/em/src/dataset/ground_truth/10274_gt.mrc,5,5,196318,167482,28836,21427,"{'1': 88272, '2': 37117, '3': 5331, '4': 25027, '5': 11735}"
10272,/net/kihara/scratch/mzumbado/biostructure/em/src/dataset/models/10272.mrc,0.0106,/net/kihara/scratch/mzumbado/biostructure/em/src/dataset/ground_truth/10272_gt.mrc,5,5,245585,211781,33804,32896,"{'1': 113642, '2': 49033, '3': 4479, '4': 29430, '5': 15197}"
10271,/net/kihara/scratch/mzumbado/biostructure/em/src/dataset/models/10271.mrc,0.012,/net/kihara/scratch/mzumbado/biostructure/em/src/dataset/ground_truth/10271_gt.mrc,5,5,199116,172620,26496,24625,"{'1': 90537, '2': 40388, '3': 4796, '4': 24608, '5': 12291}"
10269,/net/kihara/scratch/mzumbado/biostructure/em/src/dataset/models/10269.mrc,0.0113,/net/kihara/scratch/mzumbado/biostructure/em/src/dataset/ground_truth/10269_gt.mrc,5,5,226986,198372,28614,23643,"{'1': 105504, '2': 46928, '3': 3752, '4': 26415, '5': 15773}"
10255,/net/kihara/scratch/mzumbado/biostructure/em/src/dataset/models/10255.mrc,0.0106,/net/kihara/scratch/mzumbado/biostructure/em/src/dataset/ground_truth/10255_gt.mrc,5,5,247859,216613,31246,26759,"{'1': 115336, '2': 49686, '3': 5147, '4': 30735, '5': 15709}"
10254,/net/kihara/scratch/mzumbado/biostructure/em/src/dataset/models/10254.mrc,0.0113,/net/kihara/scratch/mzumbado/biostructure/em/src/dataset/ground_truth/10254_gt.mrc,5,5,218246,185418,32828,23753,"{'1': 98253, '2': 42246, '3': 4581, '4': 27367, '5': 12971}"
10252,/net/kihara/scratch/mzumbado/biostructure/em/src/dataset/models/10252.mrc,0.0111,/net/kihara/scratch/mzumbado/biostructure/em/src/dataset/ground_truth/10252_gt.mrc,5,5,231001,204147,26854,27275,"{'1': 106511, '2': 48346, '3': 5255, '4': 28580, '5': 15455}"
10251,/net/kihara/scratch/mzumbado/biostructure/em/src/dataset/models/10251.mrc,0.0119,/net/kihara/scratch/mzumbado/biostructure/em/src/dataset/ground_truth/10251_gt.mrc,5,5,207104,181094,26010,22085,"{'1': 94348, '2': 42240, '3': 4651, '4': 26006, '5': 13849}"
10249,/net/kihara/scratch/mzumbado/biostructure/em/src/dataset/models/10249.mrc,0.012,/net/kihara/scratch/mzumbado/biostructure/em/src/dataset/ground_truth/10249_gt.mrc,5,5,204685,180177,24508,21449,"{'1': 94997, '2': 42717, '3': 3344, '4': 25700, '5': 13419}"
0876,/net/kihara/scratch/mzumbado/biostructure/em/src/dataset/models/0876.mrc,1.8,/net/kihara/scratch/mzumbado/biostructure/em/src/dataset/ground_truth/0876_gt.mrc,8,8,471236,459494,11742,10285,"{'1': 56124, '2': 57159, '3': 56769, '4': 57133, '5': 54638, '6': 54945, '7': 61693, '8': 61033}"
0790,/net/kihara/scratch/mzumbado/biostructure/em/src/dataset/models/0790.mrc,0.83,/net/kihara/scratch/mzumbado/biostructure/em/src/dataset/ground_truth/0790_gt.mrc,4,4,550760,438907,111853,68946,"{'1': 105665, '2': 106779, '3': 108670, '4': 117793}"
